{
  "name": "2LC",
  "timestamp": "2021-07-25T15:41:29.665Z",
  "version": {
    "major": 1,
    "minor": 3,
    "patch": 1
  },
  "tags": {},
  "logoURI": "/images/coins/wbnb.png",
  "keywords": ["2LC", "default"],
  "tokens": [
    {
      "name": "2Local Token",
      "symbol": "2LC",
      "address": "0x11f6ecc9e2658627e0876212f1078b9f84d3196e",
      "chainId": 56,
      "decimals": 18
    },
    {
      "name": "2Local Token",
      "symbol": "2LC",
      "address": "0x11f6ecc9e2658627e0876212f1078b9f84d3196e",
      "chainId": 97,
      "decimals": 18
    },
    {
      "name": "BTCB Token",
      "symbol": "BTCB",
      "address": "0x7130d2a12b9bcbfae4f2634d864a1ee1ce3ead9c",
      "chainId": 56,
      "decimals": 18
    },
    {
      "name": "Tether USD",
      "symbol": "USDT",
      "address": "0x55d398326f99059ff775485246999027b3197955",
      "chainId": 56,
      "decimals": 18
    },
    {
      "name": "Ethereum Token",
      "symbol": "ETH",
      "address": "0x2170ed0880ac9a755fd29b2688956bd959f933f8",
      "chainId": 56,
      "decimals": 18
    },
    {
      "name": "BUSD Token",
      "symbol": "BUSD",
      "address": "0xe9e7cea3dedca5984780bafc599bd69add087d56",
      "chainId": 56,
      "decimals": 18,
      "logoURI": "/images/coins/BUSD.png"
    },
    {
      "name": "PancakeSwap Token",
      "symbol": "CAKE",
      "address": "0x0e09fabb73bd3ade0a17ecc321fd13a19e81ce82",
      "chainId": 56,
      "decimals": 18
    },
    {
      "name": "Uniswap",
      "symbol": "UNI",
      "address": "0xbf5140a22578168fd562dccf235e5d43a02ce9b1",
      "chainId": 56,
      "decimals": 18
    }
  ]
}
